{
    "dev": {
        "dev_F1": 74.59483988072085,
        "dev_F1_ign": 73.72924766109212,
        "dev_p": 84.8098466981132,
        "dev_r": 66.57602406850266
    },
    "test": {
        "test_F1": 73.25286743131502,
        "test_F1_ign": 72.55417285662878,
        "test_p": 87.5717474489796,
        "test_r": 62.95850527281064
    }
}