{
    "dev": {
        "dev_F1": 73.83346634743283,
        "dev_F1_ign": 71.89010030442905,
        "dev_p": 68.33940707180145,
        "dev_r": 80.28812774820643
    },
    "test": {
        "test_F1": 74.05336315705384,
        "test_F1_ign": 72.1077820923839,
        "test_p": 69.15846016114592,
        "test_r": 79.69394773039889
    }
}