{
    "dev": {
        "dev_F1": 73.82642099094993,
        "dev_F1_ign": 72.95076072152357,
        "dev_p": 84.40524043471788,
        "dev_r": 65.60402684563759
    },
    "test": {
        "test_F1": 72.55810895223067,
        "test_F1_ign": 71.71038995423783,
        "test_p": 85.08751638522631,
        "test_r": 63.24507106831728
    }
}