{
    "dev": {
        "dev_F1": 61.116674009692794,
        "dev_F1_ign": 58.08117968004244,
        "dev_p": 46.73506891271057,
        "dev_r": 88.28396204582273
    },
    "test": {
        "test_F1": 60.887144725888916,
        "test_F1_ign": 57.80651287653933,
        "test_p": 46.53699327395019,
        "test_r": 88.03301237964236
    }
}