{"dev_F1":51.15261309857004,"dev_F1_ign":49.378506595386284,"dev_p":45.65355618130621,"dev_r":58.157833834760474}