{
    "dev": {
        "dev_F1": 73.98099126108312,
        "dev_F1_ign": 72.97574144389763,
        "dev_p": 82.43070362473347,
        "dev_r": 67.10252256422125
    },
    "test": {
        "test_F1": 72.96728896366518,
        "test_F1_ign": 72.04695181557511,
        "test_p": 83.78037001263095,
        "test_r": 64.62631820265933
    }
}