{
    "dev": {
        "dev_F1": 73.81411492479754,
        "dev_F1_ign": 72.84710028099599,
        "dev_p": 83.02486986697512,
        "dev_r": 66.44295302013423
    },
    "test": {
        "test_F1": 72.86513691599616,
        "test_F1_ign": 72.08056544838325,
        "test_p": 86.27773857131655,
        "test_r": 63.06166895919303
    }
}