{
    "dev": {
        "dev_F1": 70.64310383946352,
        "dev_F1_ign": 68.3763315367947,
        "dev_p": 62.59661350131797,
        "dev_r": 81.06341124739643
    },
    "test": {
        "test_F1": 71.36297912280256,
        "test_F1_ign": 69.13257494351937,
        "test_p": 64.01492741091339,
        "test_r": 80.6166895919303
    }
}