{
    "dev": {
        "dev_F1": 73.38439752832132,
        "dev_F1_ign": 72.41359321463527,
        "dev_p": 82.68784450246591,
        "dev_r": 65.96274010645683
    },
    "test": {
        "test_F1": 72.66818329541762,
        "test_F1_ign": 71.77467717026579,
        "test_p": 83.92133313316319,
        "test_r": 64.07611187528657
    }
}