{
    "dev": {
        "dev_F1": 74.80025364616361,
        "dev_F1_ign": 73.78094678149695,
        "dev_p": 82.74410774410774,
        "dev_r": 68.2480907197408
    },
    "test": {
        "test_F1": 74.28571428571429,
        "test_F1_ign": 73.2785117671007,
        "test_p": 83.03356465089931,
        "test_r": 67.20541036221917
    }
}