{
    "dev": {
        "dev_F1": 75.4220604903657,
        "dev_F1_ign": 74.0720253695584,
        "dev_p": 77.84139884250708,
        "dev_r": 73.14857671835223
    },
    "test": {
        "test_F1": 75.10762372912404,
        "test_F1_ign": 73.91620653754933,
        "test_p": 80.36589349885658,
        "test_r": 70.49518569463548
    }
}