{
    "dev": {
        "dev_F1": 74.33755384414566,
        "dev_F1_ign": 73.5118976932791,
        "dev_p": 85.25449101796407,
        "dev_r": 65.8990974311502
    },
    "test": {
        "test_F1": 73.33841110044045,
        "test_F1_ign": 72.60398172617904,
        "test_p": 86.85387089183465,
        "test_r": 63.46286107290234
    }
}