{"seed":66,"result":{"test_F1":51.15261309857004,"test_F1_ign":49.378506595386284,"test_p":45.65355618130621,"test_r":58.157833834760474}}