{
    "dev": {
        "dev_F1": 74.50955454516549,
        "dev_F1_ign": 73.52347424739766,
        "dev_p": 82.70628926378203,
        "dev_r": 67.791020597084
    },
    "test": {
        "test_F1": 73.82051282051283,
        "test_F1_ign": 72.89073833812678,
        "test_p": 83.74054682955206,
        "test_r": 66.00183402109124
    }
}