{
    "dev": {
        "dev_F1": 74.67114469633363,
        "dev_F1_ign": 73.54260631429153,
        "dev_p": 80.72345861628453,
        "dev_r": 69.46308724832215
    },
    "test": {
        "test_F1": 73.90539483971853,
        "test_F1_ign": 73.07529017837471,
        "test_p": 85.62047101449275,
        "test_r": 65.01031636863824
    }
}