{
    "dev": {
        "dev_F1": 74.53353185288434,
        "dev_F1_ign": 73.52604446033776,
        "dev_p": 82.36364909332772,
        "dev_r": 68.06294839157603
    },
    "test": {
        "test_F1": 73.622261314569,
        "test_F1_ign": 72.66040996552582,
        "test_p": 83.29593978432366,
        "test_r": 65.9617148097203
    }
}